Model,Accuracy,Inference_Time_ms,Training_Time_s
RandomForest,0.9514285714285714,0.028949857143223717,1.393711999999141
XGBoost,0.9657142857142857,0.006451714283944706,1.0498666999992565
SVM,0.8985714285714286,0.07880500000153136,0.4992027999996935
KNN,0.9257142857142857,0.040650999999343185,0.0008789999992586672
MLP_NeuralNet,0.9542857142857143,0.0016498571442623091,2.6005641000010655
