Model,N_train,N_test,Accuracy,Precision_w,Recall_w,F1_w,Inference_Time_ms,Training_Time_s
RandomForest,2316,2316,0.9504310344827587,0.9511570481215297,0.9504310344827587,0.9504803416135215,0.09223836206791898,1.7211473999923328
XGBoost,2316,2316,0.9439655172413793,0.9448032515273894,0.9439655172413793,0.9440597079578353,0.022771982755863254,4.222067800001241
SVM,2316,2316,0.8620689655172413,0.8663223956229393,0.8620689655172413,0.8610865699181444,0.11467780172849949,0.6192946000082884
KNN,2316,2316,0.915948275862069,0.9169899090383326,0.915948275862069,0.9161440145003823,8.613040948305219,0.0009234000026481226
MLP_NeuralNet,2316,2316,0.9396551724137931,0.9404286775716918,0.9396551724137931,0.9393161778480593,0.003123275871922519,3.498961200006306
