Model,Accuracy,Inference_Time_ms,Training_Time_s
RandomForest,0.9504310344827587,0.03615086206834882,0.8412754000000859
XGBoost,0.9439655172413793,0.009380387931240217,0.8188590999998269
SVM,0.8620689655172413,0.0636265086219784,0.30237469999883615
KNN,0.915948275862069,0.353662715516795,0.0007831000002624933
MLP_NeuralNet,0.9396551724137931,0.0022271551721320883,2.0382391000002826
