Model,N_train,N_test,Accuracy,Precision_w,Recall_w,F1_w,Inference_Time_ms,Training_Time_s
RandomForest,2316,2316,0.9504310344827587,0.9511570481215297,0.9504310344827587,0.9504803416135215,0.06121573275369632,1.78656609999598
XGBoost,2316,2316,0.9439655172413793,0.9448032515273894,0.9439655172413793,0.9440597079578353,0.02858469825100499,2.5329302000027383
SVM,2316,2316,0.8620689655172413,0.8663223956229393,0.8620689655172413,0.8610865699181444,0.11628491377231168,0.6352249000046868
KNN,2316,2316,0.915948275862069,0.9169899090383326,0.915948275862069,0.9161440145003823,7.962674137913915,0.0010051999997813255
MLP_NeuralNet,2316,2316,0.9396551724137931,0.9404286775716918,0.9396551724137931,0.9393161778480593,0.004270905170916853,5.08530590000737
