Model,N_train,N_test,Accuracy,Precision_w,Recall_w,F1_w,Inference_Time_ms,Training_Time_s
RandomForest,2316,2316,0.9504310344827587,0.9511570481215297,0.9504310344827587,0.9504803416135215,0.059314008624290905,1.0704510000068694
XGBoost,2316,2316,0.9439655172413793,0.9448032515273894,0.9439655172413793,0.9440597079578353,0.013981681024296418,1.349850400001742
SVM,2316,2316,0.8620689655172413,0.8663223956229393,0.8620689655172413,0.8610865699181444,0.10593577588161711,0.39045720000285655
KNN,2316,2316,0.915948275862069,0.9169899090383326,0.915948275862069,0.9161440145003823,5.970151293130867,0.0007404000061796978
MLP_NeuralNet,2316,2316,0.9396551724137931,0.9404286775716918,0.9396551724137931,0.9393161778480593,0.003382327592809251,2.864436599993496
