Model,Accuracy,Inference_Time_ms,Training_Time_s
RandomForest,0.9504310344827587,0.035654094823445934,0.9261907000000065
XGBoost,0.9439655172413793,0.010540732758052965,0.9201017000013962
SVM,0.8620689655172413,0.059005172417904574,0.4280480000015814
KNN,0.915948275862069,0.35604547414205345,0.0005677000008290634
MLP_NeuralNet,0.9396551724137931,0.002062068962663159,2.591543800001091
