Model,N_train,N_test,Accuracy,Precision_w,Recall_w,F1_w,Inference_Time_ms,Training_Time_s
RandomForest,3499,3499,0.9514285714285714,0.9515128011639865,0.9514285714285714,0.9511111720979285,0.02909385713532434,1.7822594000026584
XGBoost,3499,3499,0.9614285714285714,0.9619698110524322,0.9614285714285714,0.9613781937481425,0.009893285730088661,1.605513600006816
SVM,3499,3499,0.9314285714285714,0.9329529370422965,0.9314285714285714,0.9314710178531838,0.10312228571690087,0.6573171000054572
KNN,3499,3499,0.9485714285714286,0.9509092464663429,0.9485714285714286,0.9485578943949307,0.011932857139202366,0.0011081999982707202
MLP_NeuralNet,3499,3499,0.9685714285714285,0.9688220085239246,0.9685714285714285,0.9685635699152073,0.003510714284077819,3.1849618000123883
