Model,N_train,N_test,Accuracy,Precision_w,Recall_w,F1_w,Inference_Time_ms,Training_Time_s
RandomForest,3499,3499,0.8242857142857143,0.8232299180105838,0.8242857142857143,0.8211232369342969,0.05424228569609113,1.930121199999121
XGBoost,3499,3499,0.8114285714285714,0.8095449206042461,0.8114285714285714,0.8092625185703699,0.013280714296602778,1.4300441999948816
SVM,3499,3499,0.6671428571428571,0.7069756075437421,0.6671428571428571,0.6403329773878561,0.17241671427785019,1.18823230000271
KNN,3499,3499,0.7857142857142857,0.78244942324756,0.7857142857142857,0.7822008835663953,0.01835857141746341,0.014974899997469038
MLP_NeuralNet,3499,3499,0.7842857142857143,0.7824898822815743,0.7842857142857143,0.7812987134481227,0.0027355714285347077,5.480706899994402
