Model,Accuracy,Inference_Time_ms,Training_Time_s
RandomForest,0.9514285714285714,0.039498000000354035,1.4400716999989527
XGBoost,0.9657142857142857,0.007895857145610665,0.9047843999978795
SVM,0.8985714285714286,0.08983800000091183,0.5988008000022091
KNN,0.9257142857142857,0.042788714282713566,0.0011932999987038784
MLP_NeuralNet,0.9542857142857143,0.001789285711960734,2.811234999997396
