Model,N_train,N_test,Accuracy,Precision_w,Recall_w,F1_w,Inference_Time_ms,Training_Time_s
RandomForest,3499,3499,0.9514285714285714,0.9521113836824785,0.9514285714285714,0.9512601655566729,0.057706142854710506,2.170983999996679
XGBoost,3499,3499,0.9657142857142857,0.9663082502006027,0.9657142857142857,0.9655885423873727,0.017429142857768705,2.617303599996376
SVM,3499,3499,0.8985714285714286,0.8988317608818877,0.8985714285714286,0.8982866700356742,0.13970457142152423,0.8772020000033081
KNN,3499,3499,0.9257142857142857,0.9254796599056547,0.9257142857142857,0.92538304706416,0.014642714294106034,0.0010756000119727105
MLP_NeuralNet,3499,3499,0.9542857142857143,0.9544735301534933,0.9542857142857143,0.954271586909336,0.0021989999887799577,4.302156899997499
